-- MODEL
INSERT INTO MODEL (ModelNo, Capacity, Weight) VALUES (1, 150, 45000.0);
INSERT INTO MODEL (ModelNo, Capacity, Weight) VALUES (2, 200, 62000.0);
INSERT INTO MODEL (ModelNo, Capacity, Weight) VALUES (3, 100, 30000.0);

-- PLANE
INSERT INTO PLANE (RegNo, ModelNo) VALUES ('TC-ABC', 1);
INSERT INTO PLANE (RegNo, ModelNo) VALUES ('TC-DEF', 2);
INSERT INTO PLANE (RegNo, ModelNo) VALUES ('TC-GHI', 3);
INSERT INTO PLANE (RegNo, ModelNo) VALUES ('TC-JKL', 1);

-- EMPLOYEES
INSERT INTO EMPLOYEES (SSN, Name, UnionMemNo) VALUES ('111-11-1111', 'Ali Yilmaz', 101);
INSERT INTO EMPLOYEES (SSN, Name, UnionMemNo) VALUES ('222-22-2222', 'Mehmet Kaya', 101);
INSERT INTO EMPLOYEES (SSN, Name, UnionMemNo) VALUES ('333-33-3333', 'Ayse Demir', 102);
INSERT INTO EMPLOYEES (SSN, Name, UnionMemNo) VALUES ('444-44-4444', 'Fatma Celik', 102);
INSERT INTO EMPLOYEES (SSN, Name, UnionMemNo) VALUES ('555-55-5555', 'Kemal Arslan', 103);
INSERT INTO EMPLOYEES (SSN, Name, UnionMemNo) VALUES ('666-66-6666', 'Zeynep Sahin', 103);

-- TECHNICIAN
INSERT INTO TECHNICIAN (SSN, Address, Phone, Salary) VALUES ('111-11-1111', 'Izmir', '05301111111', 55000.0);
INSERT INTO TECHNICIAN (SSN, Address, Phone, Salary) VALUES ('222-22-2222', 'Istanbul', '05302222222', 48000.0);
INSERT INTO TECHNICIAN (SSN, Address, Phone, Salary) VALUES ('333-33-3333', 'Ankara', '05303333333', 62000.0);
INSERT INTO TECHNICIAN (SSN, Address, Phone, Salary) VALUES ('444-44-4444', 'Izmir', '05304444444', 71000.0);

-- TRAFFICCONT
INSERT INTO TRAFFICCONT (SSN, ExamDate) VALUES ('555-55-5555', '2024-03-15');
INSERT INTO TRAFFICCONT (SSN, ExamDate) VALUES ('666-66-6666', '2024-07-22');

-- EXPERT
INSERT INTO EXPERT (SSN, ModelNo) VALUES ('111-11-1111', 1);
INSERT INTO EXPERT (SSN, ModelNo) VALUES ('111-11-1111', 2);
INSERT INTO EXPERT (SSN, ModelNo) VALUES ('222-22-2222', 2);
INSERT INTO EXPERT (SSN, ModelNo) VALUES ('333-33-3333', 3);
INSERT INTO EXPERT (SSN, ModelNo) VALUES ('444-44-4444', 1);
INSERT INTO EXPERT (SSN, ModelNo) VALUES ('444-44-4444', 3);

-- TEST
INSERT INTO TEST (FAANo, Name, Score) VALUES (1001, 'Engine Check', 100);
INSERT INTO TEST (FAANo, Name, Score) VALUES (1002, 'Landing Gear Test', 100);
INSERT INTO TEST (FAANo, Name, Score) VALUES (1003, 'Avionics Test', 100);

-- TESTINFO
INSERT INTO TESTINFO (RegNo, SSN, FAANo, Hours, Date, Score) VALUES ('TC-ABC', '111-11-1111', 1001, 3.5, '2024-01-10', 95);
INSERT INTO TESTINFO (RegNo, SSN, FAANo, Hours, Date, Score) VALUES ('TC-ABC', '222-22-2222', 1002, 2.0, '2024-02-15', 88);
INSERT INTO TESTINFO (RegNo, SSN, FAANo, Hours, Date, Score) VALUES ('TC-DEF', '333-33-3333', 1003, 4.0, '2024-03-20', 92);
INSERT INTO TESTINFO (RegNo, SSN, FAANo, Hours, Date, Score) VALUES ('TC-GHI', '444-44-4444', 1001, 1.5, '2024-04-05', 78);
INSERT INTO TESTINFO (RegNo, SSN, FAANo, Hours, Date, Score) VALUES ('TC-JKL', '111-11-1111', 1003, 2.5, '2024-05-18', 85);